reference_code,collection,url
WAY208F.BF0638,AQUARACER,https://www.tagheuer.com/ch/en/timepieces/collections/tag-heuer-aquaracer/43-mm-calibre-5-automatic/WAY208F.BF0638.html
CBN2011.BA0642,CARRERA,https://www.tagheuer.com/ch/en/timepieces/collections/tag-heuer-carrera/42-mm-calibre-heuer-02/CBN2011.BA0642.html
CBN2012.FC6483,CARRERA,https://www.tagheuer.com/ch/en/timepieces/collections/tag-heuer-carrera/42-mm-calibre-heuer-02/CBN2012.FC6483.html
CBN2A1E.BA0643,CARRERA,https://www.tagheuer.com/ch/en/timepieces/collections/tag-heuer-carrera/44-mm-calibre-heuer-02-automatic/CBN2A1E.BA0643.html
CBL2113.BA0644,MONACO,https://www.tagheuer.com/ch/en/timepieces/collections/tag-heuer-monaco/39-mm-calibre-heuer-02-automatic/CBL2113.BA0644.html
CBN2010.BA0642,CARRERA,https://www.tagheuer.com/ch/en/timepieces/collections/tag-heuer-carrera/42-mm-calibre-heuer-02/CBN2010.BA0642.html
CBN2013.FC6483,CARRERA,https://www.tagheuer.com/ch/en/timepieces/collections/tag-heuer-carrera/42-mm-calibre-heuer-02/CBN2013.FC6483.html
CBN2A1D.BA0643,CARRERA,https://www.tagheuer.com/ch/en/timepieces/collections/tag-heuer-carrera/44-mm-calibre-heuer-02-automatic/CBN2A1D.BA0643.html
CAZ101AF.BA0637,FORMULA 1,https://www.tagheuer.com/ch/en/timepieces/collections/tag-heuer-formula-1/43-mm-quartz/CAZ101AF.BA0637.html
CAZ201B.FC6487,FORMULA 1,https://www.tagheuer.com/ch/en/timepieces/collections/tag-heuer-formula-1/44-mm-calibre-16-automatic/CAZ201B.FC6487.html
CAR5A8E.FT6181,CARRERA,https://www.tagheuer.com/ch/en/timepieces/collections/tag-heuer-carrera/45-mm-calibre-heuer-02-tourbillon/CAR5A8E.FT6181.html
WAY201N.FT6177,AQUARACER,https://www.tagheuer.com/ch/en/timepieces/collections/tag-heuer-aquaracer/43-mm-calibre-5-automatic/WAY201N.FT6177.html
WAY201P.FT6178,AQUARACER,https://www.tagheuer.com/ch/en/timepieces/collections/tag-heuer-aquaracer/43-mm-calibre-5-automatic/WAY201P.FT6178.html
CBN2A1A.BA0643,CARRERA,https://www.tagheuer.com/ch/en/timepieces/collections/tag-heuer-carrera/44-mm-calibre-heuer-02/CBN2A1A.BA0643.html
CBN2A1B.BA0643,CARRERA,https://www.tagheuer.com/ch/en/timepieces/collections/tag-heuer-carrera/44-mm-calibre-heuer-02/CBN2A1B.BA0643.html
CBN2A5A.FC6481,CARRERA,https://www.tagheuer.com/ch/en/timepieces/collections/tag-heuer-carrera/44-mm-calibre-heuer-02/CBN2A5A.FC6481.html
CBN2A10.BA0643,CARRERA,https://www.tagheuer.com/ch/en/timepieces/collections/tag-heuer-carrera/44-mm-calibre-heuer-02/CBN2A10.BA0643.html
CAZ201A.BA0641,FORMULA 1,https://www.tagheuer.com/ch/en/timepieces/collections/tag-heuer-formula-1/44-mm-automatic-chronograph/CAZ201A.BA0641.html
CBK221C.FC6488,CARRERA,https://www.tagheuer.com/ch/en/timepieces/collections/tag-heuer-carrera/39-mm-calibre-heuer02/CBK221C.FC6488.html
CBK221B.FC6479,CARRERA,https://www.tagheuer.com/ch/en/timepieces/collections/tag-heuer-carrera/39-mm-calibre-heuer02/CBK221B.FC6479.html
SBG8A11.BA0646,CONNECTED,https://www.tagheuer.com/ch/en/smartwatches/collections/tag-heuer-connected/45-mm/SBG8A11.BA0646.html
WBC131G.BA0649,LINK,https://www.tagheuer.com/ch/en/timepieces/collections/tag-heuer-link/32-mm-quartz/WBC131G.BA0649.html
WBC131F.BA0649,LINK,https://www.tagheuer.com/ch/en/timepieces/collections/tag-heuer-link/32-mm-quartz/WBC131F.BA0649.html
WAY201S.BA0927,AQUARACER,https://www.tagheuer.com/ch/en/timepieces/collections/tag-heuer-aquaracer/43-mm-calibre-5-automatic/WAY201S.BA0927.html
CBL2114.FC6486,MONACO,https://www.tagheuer.com/ch/en/timepieces/collections/tag-heuer-monaco/39-mm-calibre-heuer02-automatic/CBL2114.FC6486.html
CBL2113.FC6177,MONACO,https://www.tagheuer.com/ch/en/timepieces/collections/tag-heuer-monaco/39-mm-calibre-heuer-02-automatic/CBL2113.FC6177.html
CAZ101AD.FT8024,FORMULA 1,https://www.tagheuer.com/ch/en/timepieces/collections/tag-heuer-formula-1/43-mm-quartz/CAZ101AD.FT8024.html
CAZ101AC.FT8024,FORMULA 1,https://www.tagheuer.com/ch/en/timepieces/collections/tag-heuer-formula-1/43-mm-quartz/CAZ101AC.FT8024.html
CAZ101AC.BA0842,FORMULA 1,https://www.tagheuer.com/ch/en/timepieces/collections/tag-heuer-formula-1/43-mm-quartz/CAZ101AC.BA0842.html
WBD2321.BB0320,AQUARACER,https://www.tagheuer.com/ch/en/timepieces/collections/tag-heuer-aquaracer/32-mm-calibre-9-automatic/WBD2321.BB0320.html
WBD2120.BB0930,AQUARACER,https://www.tagheuer.com/ch/en/timepieces/collections/tag-heuer-aquaracer/41-mm-calibre-5-automatic/WBD2120.BB0930.html
WBD1325.BB0320,AQUARACER,https://www.tagheuer.com/ch/en/timepieces/collections/tag-heuer-aquaracer/32-mm-quartz/WBD1325.BB0320.html
WAY201T.BA0927,AQUARACER,https://www.tagheuer.com/ch/en/timepieces/collections/tag-heuer-aquaracer/43-mm-calibre-7-automatic/WAY201T.BA0927.html
WAY2018.BA0927,AQUARACER,https://www.tagheuer.com/ch/en/timepieces/collections/tag-heuer-aquaracer/43-mm-calibre-5-automatic/WAY2018.BA0927.html
WAZ1018.BA0842,FORMULA 1,https://www.tagheuer.com/ch/en/timepieces/collections/tag-heuer-formula-1/43-mm-quartz/WAZ1018.BA0842.html
CAZ101AB.BA0842,FORMULA 1,https://www.tagheuer.com/ch/en/timepieces/collections/tag-heuer-formula-1/43-mm-quartz/CAZ101AB.BA0842.html
SBG8A80.BT6221,CONNECTED,https://www.tagheuer.com/ch/en/smartwatches/collections/tag-heuer-connected/45-mm/SBG8A80.BT6221.html
SBG8A10.BT6219,CONNECTED,https://www.tagheuer.com/ch/en/smartwatches/collections/tag-heuer-connected/45-mm/SBG8A10.BT6219.html
SBG8A12.BT6219,CONNECTED,https://www.tagheuer.com/ch/en/smartwatches/collections/tag-heuer-connected/45-mm/SBG8A12.BT6219.html
SBG8A10.BA0646,CONNECTED,https://www.tagheuer.com/ch/en/smartwatches/collections/tag-heuer-connected/45-mm/SBG8A10.BA0646.html
SBG8A11.BT6220,CONNECTED,https://www.tagheuer.com/ch/en/smartwatches/collections/tag-heuer-connected/45-mm/SBG8A11.BT6220.html
SBG8A81.BT6222,CONNECTED,https://www.tagheuer.com/ch/en/smartwatches/collections/tag-heuer-connected/45-mm/SBG8A81.BT6222.html
SBG8A82.EB0206,CONNECTED,https://www.tagheuer.com/ch/en/smartwatches/collections/tag-heuer-connected/45-mm/SBG8A82.EB0206.html
WAW131A.FC6177,MONACO,https://www.tagheuer.com/ch/en/timepieces/collections/tag-heuer-monaco/37-mm-quartz/WAW131A.FC6177.html
WAY2010.BA0927,AQUARACER,https://www.tagheuer.com/ch/en/timepieces/collections/tag-heuer-aquaracer/43-mm-calibre-5-automatic/WAY2010.BA0927.html
WAY201B.BA0927,AQUARACER,https://www.tagheuer.com/ch/en/timepieces/collections/tag-heuer-aquaracer/43-mm-calibre-5-automatic/WAY201B.BA0927.html
WBK1316.FC8261,CARRERA,https://www.tagheuer.com/ch/en/timepieces/collections/tag-heuer-carrera/36-mm-quartz/WBK1316.FC8261.html
WBK1310.FC8257,CARRERA,https://www.tagheuer.com/ch/en/timepieces/collections/tag-heuer-carrera/36-mm-quartz/WBK1310.FC8257.html
WBK1312.FC8259,CARRERA,https://www.tagheuer.com/ch/en/timepieces/collections/tag-heuer-carrera/36-mm-quartz/WBK1312.FC8259.html
WBK1317.BA0652,CARRERA,https://www.tagheuer.com/ch/en/timepieces/collections/tag-heuer-carrera/36-mm-quartz/WBK1317.BA0652.html
WBK2316.FC8258,CARRERA,https://www.tagheuer.com/ch/en/timepieces/collections/tag-heuer-carrera/36-mm-calibre-5-automatic/WBK2316.FC8258.html
WBK1311.BA0652,CARRERA,https://www.tagheuer.com/ch/en/timepieces/collections/tag-heuer-carrera/36-mm-quartz/WBK1311.BA0652.html
WBD1315.BA0740,AQUARACER,https://www.tagheuer.com/ch/en/timepieces/collections/tag-heuer-aquaracer/32-mm-quartz/WBD1315.BA0740.html
WAR211C.BA0782,CARRERA,https://www.tagheuer.com/ch/en/timepieces/collections/tag-heuer-carrera/39-mm-calibre-5-automatic/WAR211C.BA0782.html
WAZ1118.BA0875,FORMULA 1,https://www.tagheuer.com/ch/en/timepieces/collections/tag-heuer-formula-1/41-mm-quartz/WAZ1118.BA0875.html
WBC1314.BA0600,LINK,https://www.tagheuer.com/ch/en/timepieces/collections/tag-heuer-link/32-mm-quartz/WBC1314.BA0600.html
WBC2110.BA0603,LINK,https://www.tagheuer.com/ch/en/timepieces/collections/tag-heuer-link/41-mm-calibre-5-automatic/WBC2110.BA0603.html
WBC2112.BA0603,LINK,https://www.tagheuer.com/ch/en/timepieces/collections/tag-heuer-link/41-mm-calibre-5-automatic/WBC2112.BA0603.html
WBD1110.BA0928,AQUARACER,https://www.tagheuer.com/ch/en/timepieces/collections/tag-heuer-aquaracer/41-mm-quartz/WBD1110.BA0928.html
WBD1410.BA0741,AQUARACER,https://www.tagheuer.com/ch/en/timepieces/collections/tag-heuer-aquaracer/27-mm-quartz/WBD1410.BA0741.html
WBD1412.BA0741,AQUARACER,https://www.tagheuer.com/ch/en/timepieces/collections/tag-heuer-aquaracer/27-mm-quartz/WBD1412.BA0741.html
WBK2316.BA0652,CARRERA,https://www.tagheuer.com/ch/en/timepieces/collections/tag-heuer-carrera/36-mm-calibre-5-automatic/WBK2316.BA0652.html
CBM2110.FC6454,CARRERA,https://www.tagheuer.com/ch/en/timepieces/collections/tag-heuer-carrera/41-mm-calibre-16-automatic/CBM2110.FC6454.html
WAZ2011.BA0843,FORMULA 1,https://www.tagheuer.com/ch/en/timepieces/collections/tag-heuer-formula-1/43-mm-calibre-5-automatic/WAZ2011.BA0843.html
WAR1352.BD0779,CARRERA,https://www.tagheuer.com/ch/en/timepieces/collections/tag-heuer-carrera/32-mm-quartz/WAR1352.BD0779.html
WAR201D.BA0723,CARRERA,https://www.tagheuer.com/ch/en/timepieces/collections/tag-heuer-carrera/41-mm-calibre-5-automatic/WAR201D.BA0723.html
WAR211B.BA0782,CARRERA,https://www.tagheuer.com/ch/en/timepieces/collections/tag-heuer-carrera/39-mm-calibre-5-automatic/WAR211B.BA0782.html
WBK1313.FC8260,CARRERA,https://www.tagheuer.com/ch/en/timepieces/collections/tag-heuer-carrera/36-mm-quartz/WBK1313.FC8260.html
WBK1316.BA0652,CARRERA,https://www.tagheuer.com/ch/en/timepieces/collections/tag-heuer-carrera/36-mm-quartz/WBK1316.BA0652.html
WBK1318.FC8258,CARRERA,https://www.tagheuer.com/ch/en/timepieces/collections/tag-heuer-carrera/36-mm-quartz/WBK1318.FC8258.html
CBK2115.BA0715,CARRERA,https://www.tagheuer.com/ch/en/timepieces/collections/tag-heuer-carrera/41-mm-calibre-16-automatic/CBK2115.BA0715.html
WBC131E.BA0649,LINK,https://www.tagheuer.com/ch/en/timepieces/collections/tag-heuer-link/32-mm-quartz/WBC131E.BA0649.html
WAY131N.BA0748,AQUARACER,https://www.tagheuer.com/ch/en/timepieces/collections/tag-heuer-aquaracer/35-mm-quartz/WAY131N.BA0748.html
WBC1318.BA0600,LINK,https://www.tagheuer.com/ch/en/timepieces/collections/tag-heuer-link/32-mm-quartz/WBC1318.BA0600.html
CBL2111.FC6453,MONACO,https://www.tagheuer.com/ch/en/timepieces/collections/tag-heuer-monaco/39-mm-calibre-heuer02-automatic/CBL2111.FC6453.html
WAY101L.FC8222,AQUARACER,https://www.tagheuer.com/ch/en/timepieces/collections/tag-heuer-aquaracer/43-mm-quartz/WAY101L.FC8222.html
WBJ1412.BA0664,FORMULA 1,https://www.tagheuer.com/ch/en/timepieces/collections/tag-heuer-formula-1/32-mm-quartz/WBJ1412.BA0664.html
WAY101A.BA0746,AQUARACER,https://www.tagheuer.com/ch/en/timepieces/collections/tag-heuer-aquaracer/43-mm-quartz/WAY101A.BA0746.html
WBD2313.BA0740,AQUARACER,https://www.tagheuer.com/ch/en/timepieces/collections/tag-heuer-aquaracer/32-mm-calibre-9-automatic/WBD2313.BA0740.html
WAY111Z.BA0928,AQUARACER,https://www.tagheuer.com/ch/en/timepieces/collections/tag-heuer-aquaracer/40-mm-quartz/WAY111Z.BA0928.html
WAY131L.BA0748,AQUARACER,https://www.tagheuer.com/ch/en/timepieces/collections/tag-heuer-aquaracer/35-mm-quartz/WAY131L.BA0748.html
WAZ1112.BA0875,FORMULA 1,https://www.tagheuer.com/ch/en/timepieces/collections/tag-heuer-formula-1/41-mm-quartz/WAZ1112.BA0875.html
WAR2453.BD0777,CARRERA,https://www.tagheuer.com/ch/en/timepieces/collections/tag-heuer-carrera/28-mm-calibre-9-automatic/WAR2453.BD0777.html
WBD2310.BA0740,AQUARACER,https://www.tagheuer.com/ch/en/timepieces/collections/tag-heuer-aquaracer/32-mm-calibre-9-automatic/WBD2310.BA0740.html
WBD1112.BA0928,AQUARACER,https://www.tagheuer.com/ch/en/timepieces/collections/tag-heuer-aquaracer/41-mm-quartz/WBD1112.BA0928.html
WBD1310.BA0740,AQUARACER,https://www.tagheuer.com/ch/en/timepieces/collections/tag-heuer-aquaracer/32-mm-quartz/WBD1310.BA0740.html
WBD1312.BA0740,AQUARACER,https://www.tagheuer.com/ch/en/timepieces/collections/tag-heuer-aquaracer/32-mm-quartz/WBD1312.BA0740.html
WAY111C.BA0928,AQUARACER,https://www.tagheuer.com/ch/en/timepieces/collections/tag-heuer-aquaracer/41-mm-quartz/WAY111C.BA0928.html
WAY131S.BA0748,AQUARACER,https://www.tagheuer.com/ch/en/timepieces/collections/tag-heuer-aquaracer/35-mm-quartz/WAY131S.BA0748.html
WBC1313.BA0600,LINK,https://www.tagheuer.com/ch/en/timepieces/collections/tag-heuer-link/32-mm-quartz/WBC1313.BA0600.html
WBD1415.BA0741,AQUARACER,https://www.tagheuer.com/ch/en/timepieces/collections/tag-heuer-aquaracer/27-mm-quartz/WBD1415.BA0741.html
WAY2012.BA0927,AQUARACER,https://www.tagheuer.com/ch/en/timepieces/collections/tag-heuer-aquaracer/43-mm-calibre-5-automatic/WAY2012.BA0927.html
WBD1423.BB0321,AQUARACER,https://www.tagheuer.com/ch/en/timepieces/collections/tag-heuer-aquaracer/27-mm-quartz/WBD1423.BB0321.html
WAR211A.BA0782,CARRERA,https://www.tagheuer.com/ch/en/timepieces/collections/tag-heuer-carrera/39-mm-calibre-5-automatic/WAR211A.BA0782.html
WAR211A.FC6180,CARRERA,https://www.tagheuer.com/ch/en/timepieces/collections/tag-heuer-carrera/39-mm-calibre-5-automatic/WAR211A.FC6180.html
WAZ2011.BA0842,FORMULA 1,https://www.tagheuer.com/ch/en/timepieces/collections/tag-heuer-formula-1/43-mm-calibre-5-automatic/WAZ2011.BA0842.html
WBJ1318.BA0666,FORMULA 1,https://www.tagheuer.com/ch/en/timepieces/collections/tag-heuer-formula-1/35-mm-quartz/WBJ1318.BA0666.html
WAZ2012.BA0842,FORMULA 1,https://www.tagheuer.com/ch/en/timepieces/collections/tag-heuer-formula-1/43-mm-calibre-6-automatic/WAZ2012.BA0842.html
WBC1310.BA0600,LINK,https://www.tagheuer.com/ch/en/timepieces/collections/tag-heuer-link/32-mm-quartz/WBC1310.BA0600.html
WBC1312.BA0600,LINK,https://www.tagheuer.com/ch/en/timepieces/collections/tag-heuer-link/32-mm-quartz/WBC1312.BA0600.html
WBD1314.BA0740,AQUARACER,https://www.tagheuer.com/ch/en/timepieces/collections/tag-heuer-aquaracer/32-mm-quartz/WBD1314.BA0740.html
WBC1311.BA0600,LINK,https://www.tagheuer.com/ch/en/timepieces/collections/tag-heuer-link/32-mm-quartz/WBC1311.BA0600.html
WBC2111.BA0603,LINK,https://www.tagheuer.com/ch/en/timepieces/collections/tag-heuer-link/41-mm-calibre-5-automatic/WBC2111.BA0603.html
WBD2112.BA0928,AQUARACER,https://www.tagheuer.com/ch/en/timepieces/collections/tag-heuer-aquaracer/41-mm-calibre-5-automatic/WBD2112.BA0928.html
WBJ1414.FC8234,FORMULA 1,https://www.tagheuer.com/ch/en/timepieces/collections/tag-heuer-formula-1/32-mm-quartz/WBJ1414.FC8234.html
WBK1312.BA0652,CARRERA,https://www.tagheuer.com/ch/en/timepieces/collections/tag-heuer-carrera/36-mm-quartz/WBK1312.BA0652.html
WBK1317.FC8259,CARRERA,https://www.tagheuer.com/ch/en/timepieces/collections/tag-heuer-carrera/36-mm-quartz/WBK1317.FC8259.html
WBJ141AA.BA0973,FORMULA 1,https://www.tagheuer.com/ch/en/timepieces/collections/tag-heuer-formula-1/32-mm-quartz/WBJ141AA.BA0973.html
WBK1316.FC8258,CARRERA,https://www.tagheuer.com/ch/en/timepieces/collections/tag-heuer-carrera/36-mm-quartz/WBK1316.FC8258.html
WAR2419.BA0776,CARRERA,https://www.tagheuer.com/ch/en/timepieces/collections/tag-heuer-carrera/28-mm-calibre-9-automatic/WAR2419.BA0776.html
WAY201A.BA0927,AQUARACER,https://www.tagheuer.com/ch/en/timepieces/collections/tag-heuer-aquaracer/43-mm-calibre-5-automatic/WAY201A.BA0927.html
WAZ1110.BA0875,FORMULA 1,https://www.tagheuer.com/ch/en/timepieces/collections/tag-heuer-formula-1/41-mm-quartz/WAZ1110.BA0875.html
WAZ2014.BA0842,FORMULA 1,https://www.tagheuer.com/ch/en/timepieces/collections/tag-heuer-formula-1/43-mm-calibre-6-automatic/WAZ2014.BA0842.html
WAR211B.FC6181,CARRERA,https://www.tagheuer.com/ch/en/timepieces/collections/tag-heuer-carrera/39-mm-calibre-5-automatic/WAR211B.FC6181.html
WAY201F.BA0927,AQUARACER,https://www.tagheuer.com/ch/en/timepieces/collections/tag-heuer-aquaracer/43-mm-calibre-7-automatic/WAY201F.BA0927.html
WBD1414.BA0741,AQUARACER,https://www.tagheuer.com/ch/en/timepieces/collections/tag-heuer-aquaracer/27-mm-quartz/WBD1414.BA0741.html
WBD1322.BB0320,AQUARACER,https://www.tagheuer.com/ch/en/timepieces/collections/tag-heuer-aquaracer/32-mm-quartz/WBD1322.BB0320.html
WBD2311.BA0740,AQUARACER,https://www.tagheuer.com/ch/en/timepieces/collections/tag-heuer-aquaracer/32-mm-calibre-9-automatic/WBD2311.BA0740.html
WBJ1417.FC8234,FORMULA 1,https://www.tagheuer.com/ch/en/timepieces/collections/tag-heuer-formula-1/32-mm-quartz/WBJ1417.FC8234.html
WBK2311.FC8258,CARRERA,https://www.tagheuer.com/ch/en/timepieces/collections/tag-heuer-carrera/36-mm-calibre-5-automatic/WBK2311.FC8258.html
WAR201E.FC6292,CARRERA,https://www.tagheuer.com/ch/en/timepieces/collections/tag-heuer-carrera/41-mm-calibre-5-automatic/WAR201E.FC6292.html
WBC1315.BA0600,LINK,https://www.tagheuer.com/ch/en/timepieces/collections/tag-heuer-link/32-mm-quartz/WBC1315.BA0600.html
WBD2312.BA0740,AQUARACER,https://www.tagheuer.com/ch/en/timepieces/collections/tag-heuer-aquaracer/32-mm-calibre-9-automatic/WBD2312.BA0740.html
WBK1311.FC8261,CARRERA,https://www.tagheuer.com/ch/en/timepieces/collections/tag-heuer-carrera/36-mm-quartz/WBK1311.FC8261.html
WBJ1312.BA0666,FORMULA 1,https://www.tagheuer.com/ch/en/timepieces/collections/tag-heuer-formula-1/35-mm-quartz/WBJ1312.BA0666.html
WBK1311.FC8258,CARRERA,https://www.tagheuer.com/ch/en/timepieces/collections/tag-heuer-carrera/36-mm-quartz/WBK1311.FC8258.html
WBD1320.BB0320,AQUARACER,https://www.tagheuer.com/ch/en/timepieces/collections/tag-heuer-aquaracer/32-mm-quartz/WBD1320.BB0320.html
WBD131A.FT6170,AQUARACER,https://www.tagheuer.com/ch/en/timepieces/collections/tag-heuer-aquaracer/35-mm-quartz/WBD131A.FT6170.html
WBC1316.BA0600,LINK,https://www.tagheuer.com/ch/en/timepieces/collections/tag-heuer-link/32-mm-quartz/WBC1316.BA0600.html
WBJ141AD.BA0974,FORMULA 1,https://www.tagheuer.com/ch/en/timepieces/collections/tag-heuer-formula-1/32-mm-quartz/WBJ141AD.BA0974.html
WAY131K.BA0748,AQUARACER,https://www.tagheuer.com/ch/en/timepieces/collections/tag-heuer-aquaracer/35-mm-quartz/WAY131K.BA0748.html
WAR2413.BA0776,CARRERA,https://www.tagheuer.com/ch/en/timepieces/collections/tag-heuer-carrera/28-mm-calibre-9-automatic/WAR2413.BA0776.html
WAR2452.BD0777,CARRERA,https://www.tagheuer.com/ch/en/timepieces/collections/tag-heuer-carrera/28-mm-calibre-9-automatic/WAR2452.BD0777.html
WAY131M.BA0748,AQUARACER,https://www.tagheuer.com/ch/en/timepieces/collections/tag-heuer-aquaracer/35-mm-quartz/WAY131M.BA0748.html
WBK1314.FC8261,CARRERA,https://www.tagheuer.com/ch/en/timepieces/collections/tag-heuer-carrera/36-mm-quartz/WBK1314.FC8261.html
WBJ141AB.BA0973,FORMULA 1,https://www.tagheuer.com/ch/en/timepieces/collections/tag-heuer-formula-1/32-mm-quartz/WBJ141AB.BA0973.html
WAR2414.BA0776,CARRERA,https://www.tagheuer.com/ch/en/timepieces/collections/tag-heuer-carrera/28-mm-calibre-9-automatic/WAR2414.BA0776.html
WBD1420.BB0321,AQUARACER,https://www.tagheuer.com/ch/en/timepieces/collections/tag-heuer-aquaracer/27-mm-quartz/WBD1420.BB0321.html
WAY111A.BA0928,AQUARACER,https://www.tagheuer.com/ch/en/timepieces/collections/tag-heuer-aquaracer/41-mm-quartz/WAY111A.BA0928.html
WAY2013.BA0927,AQUARACER,https://www.tagheuer.com/ch/en/timepieces/collections/tag-heuer-aquaracer/43-mm-calibre-5-automatic/WAY2013.BA0927.html
WAY131C.BA0913,AQUARACER,https://www.tagheuer.com/ch/en/timepieces/collections/tag-heuer-aquaracer/35-mm-quartz/WAY131C.BA0913.html
WBD2110.BA0928,AQUARACER,https://www.tagheuer.com/ch/en/timepieces/collections/tag-heuer-aquaracer/41-mm-calibre-5-automatic/WBD2110.BA0928.html
CAR5A8W.FT6071,CARRERA,https://www.tagheuer.com/ch/en/timepieces/collections/tag-heuer-carrera/45-mm-calibre-heuer02t-cosc/CAR5A8W.FT6071.html
WAZ111A.BA0875,FORMULA 1,https://www.tagheuer.com/ch/en/timepieces/collections/tag-heuer-formula-1/41-mm-quartz/WAZ111A.BA0875.html
WBJ131A.BA0666,FORMULA 1,https://www.tagheuer.com/ch/en/timepieces/collections/tag-heuer-formula-1/35-mm-quartz/WBJ131A.BA0666.html
CAR5A5U.FC6377,CARRERA,https://www.tagheuer.com/ch/en/timepieces/collections/tag-heuer-carrera/45-mm-calibre-heuer02t-cosc/CAR5A5U.FC6377.html
WBJ141A.BA0664,FORMULA 1,https://www.tagheuer.com/ch/en/timepieces/collections/tag-heuer-formula-1/32-mm-quartz/WBJ141A.BA0664.html
WBJ141AC.BA0974,FORMULA 1,https://www.tagheuer.com/ch/en/timepieces/collections/tag-heuer-formula-1/32-mm-quartz/WBJ141AC.BA0974.html
WBC1317.BA0600,LINK,https://www.tagheuer.com/ch/en/timepieces/collections/tag-heuer-link/32-mm-quartz/WBC1317.BA0600.html
WAR2411.BA0776,CARRERA,https://www.tagheuer.com/ch/en/timepieces/collections/tag-heuer-carrera/28-mm-calibre-9-automatic/WAR2411.BA0776.html
WAZ1110.FT8023,FORMULA 1,https://www.tagheuer.com/ch/en/timepieces/collections/tag-heuer-formula-1/41-mm-quartz/WAZ1110.FT8023.html
WAZ1010.BA0842,FORMULA 1,https://www.tagheuer.com/ch/en/timepieces/collections/tag-heuer-formula-1/43-mm-quartz/WAZ1010.BA0842.html
WBD1422.BB0321,AQUARACER,https://www.tagheuer.com/ch/en/timepieces/collections/tag-heuer-aquaracer/27-mm-quartz/WBD1422.BB0321.html
WAR201D.FC6291,CARRERA,https://www.tagheuer.com/ch/en/timepieces/collections/tag-heuer-carrera/41-mm-calibre-5-automatic/WAR201D.FC6291.html
WBK2311.BA0652,CARRERA,https://www.tagheuer.com/ch/en/timepieces/collections/tag-heuer-carrera/36-mm-calibre-5-automatic/WBK2311.BA0652.html
WAZ1120.BB0879,FORMULA 1,https://www.tagheuer.com/ch/en/timepieces/collections/tag-heuer-formula-1/41-mm-quartz/WAZ1120.BB0879.html
WBK1318.BA0652,CARRERA,https://www.tagheuer.com/ch/en/timepieces/collections/tag-heuer-carrera/36-mm-quartz/WBK1318.BA0652.html
WAR1314.BA0778,CARRERA,https://www.tagheuer.com/ch/en/timepieces/collections/tag-heuer-carrera/32-mm-quartz/WAR1314.BA0778.html
CBG2090.BH0661,CARRERA,https://www.tagheuer.com/ch/en/timepieces/collections/tag-heuer-carrera/43-mm-calibre-heuer02-automatic/CBG2090.BH0661.html
CAZ1011.BA0842,FORMULA 1,https://www.tagheuer.com/ch/en/timepieces/collections/tag-heuer-formula-1/43-mm-quartz/CAZ1011.BA0842.html
CBC2110.BA0603,LINK,https://www.tagheuer.com/ch/en/timepieces/collections/tag-heuer-link/41-mm-calibre-17-automatic/CBC2110.BA0603.html
CBG2010.FT6144,CARRERA,https://www.tagheuer.com/ch/en/timepieces/collections/tag-heuer-carrera/43-mm-calibre-heuer02-automatic/CBG2010.FT6144.html
CBC2112.BA0603,LINK,https://www.tagheuer.com/ch/en/timepieces/collections/tag-heuer-link/41-mm-calibre-17-automatic/CBC2112.BA0603.html
CBG2A10.BA0654,CARRERA,https://www.tagheuer.com/ch/en/timepieces/collections/tag-heuer-carrera/45-mm-calibre-heuer02-automatic/CBG2A10.BA0654.html
CAZ2012.BA0970,FORMULA 1,https://www.tagheuer.com/ch/en/timepieces/collections/tag-heuer-formula-1/44-mm-calibre-16-automatic/CAZ2012.BA0970.html
CBG2010.BA0662,CARRERA,https://www.tagheuer.com/ch/en/timepieces/collections/tag-heuer-carrera/43-mm-calibre-heuer02-automatic/CBG2010.BA0662.html
CAY2112.BA0927,AQUARACER,https://www.tagheuer.com/ch/en/timepieces/collections/tag-heuer-aquaracer/43-mm-calibre-16-automatic/CAY2112.BA0927.html
CAW211P.FC6356,MONACO,https://www.tagheuer.com/ch/en/timepieces/collections/tag-heuer-monaco/39-mm-calibre-11-automatic/CAW211P.FC6356.html
CBG2A10.FT6169,CARRERA,https://www.tagheuer.com/ch/en/timepieces/collections/tag-heuer-carrera/45-mm-calibre-heuer02-automatic/CBG2A10.FT6169.html
WAR201A.BA0723,CARRERA,https://www.tagheuer.com/ch/en/timepieces/collections/tag-heuer-carrera/41-mm-calibre-5-automatic/WAR201A.BA0723.html
WAR201C.BA0723,CARRERA,https://www.tagheuer.com/ch/en/timepieces/collections/tag-heuer-carrera/41-mm-calibre-5-automatic/WAR201C.BA0723.html
WAR201C.FC6266,CARRERA,https://www.tagheuer.com/ch/en/timepieces/collections/tag-heuer-carrera/41-mm-calibre-5-automatic/WAR201C.FC6266.html
CAY1110.BA0927,AQUARACER,https://www.tagheuer.com/ch/en/timepieces/collections/tag-heuer-aquaracer/43-mm-quartz/CAY1110.BA0927.html
CBK2112.FC6292,CARRERA,https://www.tagheuer.com/ch/en/timepieces/collections/tag-heuer-carrera/41-mm-calibre-16-automatic/CBK2112.FC6292.html
CAW211R.FC6401,MONACO,https://www.tagheuer.com/ch/en/timepieces/collections/tag-heuer-monaco/39-mm-calibre-11-automatic/CAW211R.FC6401.html
CBG2011.BA0662,CARRERA,https://www.tagheuer.com/ch/en/timepieces/collections/tag-heuer-carrera/43-mm-calibre-heuer02-automatic/CBG2011.BA0662.html
CBG2A11.BA0654,CARRERA,https://www.tagheuer.com/ch/en/timepieces/collections/tag-heuer-carrera/45-mm-calibre-heuer02-automatic/CBG2A11.BA0654.html
CBG2A51.FC6450,CARRERA,https://www.tagheuer.com/ch/en/timepieces/collections/tag-heuer-carrera/45-mm-calibre-heuer02-automatic/CBG2A51.FC6450.html
CV2A1R.FC6235,CARRERA,https://www.tagheuer.com/ch/en/timepieces/collections/tag-heuer-carrera/43-mm-calibre-16-automatic/CV2A1R.FC6235.html
CAZ1011.BA0843,FORMULA 1,https://www.tagheuer.com/ch/en/timepieces/collections/tag-heuer-formula-1/43-mm-quartz/CAZ1011.BA0843.html
CV2A84.FC6394,CARRERA,https://www.tagheuer.com/ch/en/timepieces/collections/tag-heuer-carrera/43-mm-calibre-16-automatic/CV2A84.FC6394.html
CBK2110.BA0715,CARRERA,https://www.tagheuer.com/ch/en/timepieces/collections/tag-heuer-carrera/41-mm-calibre-16-automatic/CBK2110.BA0715.html
CBG2051.FC6426,CARRERA,https://www.tagheuer.com/ch/en/timepieces/collections/tag-heuer-carrera/43-mm-calibre-heuer02-automatic/CBG2051.FC6426.html
CAZ2010.BA0876,FORMULA 1,https://www.tagheuer.com/ch/en/timepieces/collections/tag-heuer-formula-1/44-mm-calibre-16-automatic/CAZ2010.BA0876.html
CBG2016.FT6143,CARRERA,https://www.tagheuer.com/ch/en/timepieces/collections/tag-heuer-carrera/43-mm-calibre-heuer02-automatic/CBG2016.FT6143.html
CBG2090.FT6145,CARRERA,https://www.tagheuer.com/ch/en/timepieces/collections/tag-heuer-carrera/43-mm-calibre-heuer02-automatic/CBG2090.FT6145.html
CBG2010.FT6143,CARRERA,https://www.tagheuer.com/ch/en/timepieces/collections/tag-heuer-carrera/43-mm-calibre-heuer02-automatic/CBG2010.FT6143.html
CBK2110.FC6266,CARRERA,https://www.tagheuer.com/ch/en/timepieces/collections/tag-heuer-carrera/41-mm-calibre-16-automatic/CBK2110.FC6266.html
CBM2110.BA0651,CARRERA,https://www.tagheuer.com/ch/en/timepieces/collections/tag-heuer-carrera/41-mm-calibre-16-automatic/CBM2110.BA0651.html
CBG2A90.FT6173,CARRERA,https://www.tagheuer.com/ch/en/timepieces/collections/tag-heuer-carrera/45-mm-calibre-heuer02-automatic/CBG2A90.FT6173.html
CBK2112.BA0715,CARRERA,https://www.tagheuer.com/ch/en/timepieces/collections/tag-heuer-carrera/41-mm-calibre-16-automatic/CBK2112.BA0715.html
CV2A1R.BA0799,CARRERA,https://www.tagheuer.com/ch/en/timepieces/collections/tag-heuer-carrera/43-mm-calibre-16-automatic/CV2A1R.BA0799.html
WAR1315.BA0778,CARRERA,https://www.tagheuer.com/ch/en/timepieces/collections/tag-heuer-carrera/32-mm-quartz/WAR1315.BA0778.html
CBM2112.BA0651,CARRERA,https://www.tagheuer.com/ch/en/timepieces/collections/tag-heuer-carrera/41-mm-calibre-16-automatic/CBM2112.BA0651.html
CV201AP.FC6429,CARRERA,https://www.tagheuer.com/ch/en/timepieces/collections/tag-heuer-carrera/41-mm-calibre-16-automatic/CV201AP.FC6429.html
CV201AR.BA0715,CARRERA,https://www.tagheuer.com/ch/en/timepieces/collections/tag-heuer-carrera/41-mm-calibre-16-automatic/CV201AR.BA0715.html
CV2A1AB.FC6379,CARRERA,https://www.tagheuer.com/ch/en/timepieces/collections/tag-heuer-carrera/43-mm-calibre-16-automatic/CV2A1AB.FC6379.html
WAR1311.BA0778,CARRERA,https://www.tagheuer.com/ch/en/timepieces/collections/tag-heuer-carrera/32-mm-quartz/WAR1311.BA0778.html
CAZ1010.BA0842,FORMULA 1,https://www.tagheuer.com/ch/en/timepieces/collections/tag-heuer-formula-1/43-mm-quartz/CAZ1010.BA0842.html
CAZ2012.BA0876,FORMULA 1,https://www.tagheuer.com/ch/en/timepieces/collections/tag-heuer-formula-1/44-mm-calibre-16-automatic/CAZ2012.BA0876.html
CBG2A10.FT6168,CARRERA,https://www.tagheuer.com/ch/en/timepieces/collections/tag-heuer-carrera/45-mm-calibre-heuer02-automatic/CBG2A10.FT6168.html
CBM2112.FC6455,CARRERA,https://www.tagheuer.com/ch/en/timepieces/collections/tag-heuer-carrera/41-mm-calibre-16-automatic/CBM2112.FC6455.html
CV2A1U.BA0738,CARRERA,https://www.tagheuer.com/ch/en/timepieces/collections/tag-heuer-carrera/43-mm-calibre-16-automatic/CV2A1U.BA0738.html
WAR201E.BA0723,CARRERA,https://www.tagheuer.com/ch/en/timepieces/collections/tag-heuer-carrera/41-mm-calibre-5-automatic/WAR201E.BA0723.html
CAY111B.BA0927,AQUARACER,https://www.tagheuer.com/ch/en/timepieces/collections/tag-heuer-aquaracer/43-mm-quartz/CAY111B.BA0927.html
CV2A1AB.BA0738,CARRERA,https://www.tagheuer.com/ch/en/timepieces/collections/tag-heuer-carrera/43-mm-calibre-16-automatic/CV2A1AB.BA0738.html
CBG2A1Z.BA0658,CARRERA,https://www.tagheuer.com/ch/en/timepieces/collections/tag-heuer-carrera/45-mm-calibre-heuer02-automatic/CBG2A1Z.BA0658.html
CBG2A90.BH0653,CARRERA,https://www.tagheuer.com/ch/en/timepieces/collections/tag-heuer-carrera/45-mm-calibre-heuer02-automatic/CBG2A90.BH0653.html
CBG2A91.FT6173,CARRERA,https://www.tagheuer.com/ch/en/timepieces/collections/tag-heuer-carrera/45-mm-calibre-heuer02-automatic/CBG2A91.FT6173.html
CBG2050.FC6426,CARRERA,https://www.tagheuer.com/ch/en/timepieces/collections/tag-heuer-carrera/43-mm-calibre-heuer02-automatic/CBG2050.FC6426.html
CAZ2015.BA0876,FORMULA 1,https://www.tagheuer.com/ch/en/timepieces/collections/tag-heuer-formula-1/44-mm-calibre-16-automatic/CAZ2015.BA0876.html
CAR5A90.FC6415,CARRERA,https://www.tagheuer.com/ch/en/timepieces/collections/tag-heuer-carrera/45-mm-calibre-heuer02t-cosc/CAR5A90.FC6415.html
CBG2A1Z.FT6157,CARRERA,https://www.tagheuer.com/ch/en/timepieces/collections/tag-heuer-carrera/45-mm-calibre-heuer02-automatic/CBG2A1Z.FT6157.html
CBG2A50.FC6450,CARRERA,https://www.tagheuer.com/ch/en/timepieces/collections/tag-heuer-carrera/45-mm-calibre-heuer02-automatic/CBG2A50.FC6450.html
CBG2A11.FC6460,CARRERA,https://www.tagheuer.com/ch/en/timepieces/collections/tag-heuer-carrera/45-mm-calibre-heuer02-automatic/CBG2A11.FC6460.html
CAZ101E.BA0842,FORMULA 1,https://www.tagheuer.com/ch/en/timepieces/collections/tag-heuer-formula-1/43-mm-quartz/CAZ101E.BA0842.html
CAZ101K.BA0842,FORMULA 1,https://www.tagheuer.com/ch/en/timepieces/collections/tag-heuer-formula-1/43-mm-quartz/CAZ101K.BA0842.html
CAY111A.BA0927,AQUARACER,https://www.tagheuer.com/ch/en/timepieces/collections/tag-heuer-aquaracer/43-mm-quartz/CAY111A.BA0927.html
CAZ101N.FC8243,FORMULA 1,https://www.tagheuer.com/ch/en/timepieces/collections/tag-heuer-formula-1/43-mm-quartz/CAZ101N.FC8243.html
CAR5A8Y.FC6377,CARRERA,https://www.tagheuer.com/ch/en/timepieces/collections/tag-heuer-carrera/45-mm-calibre-heuer02t-cosc/CAR5A8Y.FC6377.html
CAZ1014.BA0842,FORMULA 1,https://www.tagheuer.com/ch/en/timepieces/collections/tag-heuer-formula-1/43-mm-quartz/CAZ1014.BA0842.html
CAZ1010.FT8024,FORMULA 1,https://www.tagheuer.com/ch/en/timepieces/collections/tag-heuer-formula-1/43-mm-quartz/CAZ1010.FT8024.html
CAZ1014.FC8196,FORMULA 1,https://www.tagheuer.com/ch/en/timepieces/collections/tag-heuer-formula-1/43-mm-quartz/CAZ1014.FC8196.html
WBE5193.FC8300,AUTAVIA,https://www.tagheuer.com/cn/en/timepieces/collections/tag-heuer-autavia/42-mm-calibre-5-cosc/WBE5193.FC8300.html
CAR5A8D.EB0212,CARRERA,https://www.tagheuer.com/jp/en/timepieces/collections/tag-heuer-carrera/45-mm-calibre-heuer-02t-cosc/CAR5A8D.EB0212.html
CBK2116.BA0715,CARRERA,https://www.tagheuer.com/jp/en/timepieces/collections/tag-heuer-carrera/41-mm-calibre-16-automatic/CBK2116.BA0715.html
WBD1417.BA0741,AQUARACER,https://www.tagheuer.com/jp/en/timepieces/collections/tag-heuer-aquaracer/27-mm-quartz/WBD1417.BA0741.html
WBD2117.BA0928,AQUARACER,https://www.tagheuer.com/jp/en/timepieces/collections/tag-heuer-aquaracer/41-mm-calibre-5-automatic/WBD2117.BA0928.html
CAR5A8H.FC6448,CARRERA,https://www.tagheuer.com/jp/en/timepieces/collections/tag-heuer-carrera/45-mm-calibre-heuer02-cosc-flyback/CAR5A8H.FC6448.html
CBG2019.BA0662,CARRERA,https://www.tagheuer.com/jp/en/timepieces/collections/tag-heuer-carrera/43-mm-calibre-heuer-02-automatic/CBG2019.BA0662.html
CBK2114.BA0715,CARRERA,https://www.tagheuer.com/jp/en/timepieces/collections/tag-heuer-carrera/41-mm-calibre-16-automatic/CBK2114.BA0715.html
WBD1111.FT6186,AQUARACER,https://www.tagheuer.com/us/en/timepieces/collections/tag-heuer-aquaracer/41-mm-quartz/WBD1111.FT6186.html
WBD2111.FT6186,AQUARACER,https://www.tagheuer.com/us/en/timepieces/collections/tag-heuer-aquaracer/41-mm-calibre-5-automatic/WBD2111.FT6186.html
CAZ1014.FT8028,FORMULA 1,https://www.tagheuer.com/us/en/timepieces/collections/tag-heuer-formula-1/no-size-quartz/CAZ1014.FT8028.html
CAW2111.FC6255,MONACO,https://www.tagheuer.com/us/en/timepieces/collections/tag-heuer-monaco/39-mm-calibre-12-automatic/CAW2111.FC6255.html
CAR5A80.FC6377,CARRERA,https://www.tagheuer.com/us/en/timepieces/collections/tag-heuer-carrera/45-mm-calibre-heuer02t-cosc/CAR5A80.FC6377.html
CBN2A1F.FC6492,CARRERA,https://www.tagheuer.com/ch/en/timepieces/collections/tag-heuer-carrera/44-mm-calibre-heuer-02-automatic/CBN2A1F.FC6492.html
WBJ131A.FC8254,FORMULA 1,https://www.tagheuer.com/ch/en/timepieces/collections/tag-heuer-formula-1/35-mm-quartz/WBJ131A.FC8254.html
CAZ101AH.BA0842,FORMULA 1,https://www.tagheuer.com/ch/en/timepieces/collections/tag-heuer-formula-1/43-mm-quartz/CAZ101AH.BA0842.html
CAZ101E.FC8228,FORMULA 1,https://www.tagheuer.com/ch/en/timepieces/collections/tag-heuer-formula-1/43-mm-quartz/CAZ101E.FC8228.html
WBJ131A.FC8251,FORMULA 1,https://www.tagheuer.com/ch/en/timepieces/collections/tag-heuer-formula-1/35-mm-quartz/WBJ131A.FC8251.html
WAW131E.FC6420,MONACO,https://www.tagheuer.com/ch/en/timepieces/collections/tag-heuer-monaco/37-mm-quartz/WAW131E.FC6420.html
CAW211J.FC6476,MONACO,https://www.tagheuer.com/ch/en/timepieces/collections/tag-heuer-monaco/39-mm-calibre-12-automatic/CAW211J.FC6476.html
CBL2116.FC6497,MONACO,https://www.tagheuer.com/ch/en/timepieces/collections/tag-heuer-monaco/39-mm-calibre-heuer-02/CBL2116.FC6497.html
WBE5190.FC8268,AUTAVIA,https://www.tagheuer.com/ch/en/timepieces/collections/tag-heuer-autavia/42-mm-calibre-5-cosc/WBE5190.FC8268.html
WBE5191.FC8276,AUTAVIA,https://www.tagheuer.com/ch/en/timepieces/collections/tag-heuer-autavia/42-mm-calibre-5-cosc/WBE5191.FC8276.html
WBE5116.FC8266,AUTAVIA,https://www.tagheuer.com/ch/en/timepieces/collections/tag-heuer-autavia/42-mm-calibre-5-cosc/WBE5116.FC8266.html
WBE5114.FC8266,AUTAVIA,https://www.tagheuer.com/ch/en/timepieces/collections/tag-heuer-autavia/42-mm-calibre-5-cosc/WBE5114.FC8266.html
WBE5114.EB0173,AUTAVIA,https://www.tagheuer.com/ch/en/timepieces/collections/tag-heuer-autavia/42-mm-calibre-5-cosc/WBE5114.EB0173.html
WBE5116.EB0173,AUTAVIA,https://www.tagheuer.com/ch/en/timepieces/collections/tag-heuer-autavia/42-mm-calibre-5-cosc/WBE5116.EB0173.html
WBE5192.FC8300,AUTAVIA,https://www.tagheuer.com/ch/en/timepieces/collections/tag-heuer-autavia/42-mm-calibre-5-cosc/WBE5192.FC8300.html
CV2A83.FC6393,CARRERA,https://www.tagheuer.com/cn/en/timepieces/collections/tag-heuer-carrera/43-mm-calibre-16-automatic/CV2A83.FC6393.html
WAY211A.BA0928,AQUARACER,https://www.tagheuer.com/cn/en/timepieces/collections/tag-heuer-aquaracer/41-mm-calibre-5-automatic/WAY211A.BA0928.html
CBN2A1F.BA0643,CARRERA,https://www.tagheuer.com/fr/en/timepieces/collections/tag-heuer-carrera/44-mm-calibre-heuer-02-automatic/CBN2A1F.BA0643.html
CBN2041.FC8306,CARRERA,https://www.tagheuer.com/fr/en/timepieces/collections/tag-heuer-carrera/42-mm-calibre-heuer-02/CBN2041.FC8306.html
WAZ101A.FC8305,FORMULA 1,https://www.tagheuer.com/fr/en/timepieces/collections/tag-heuer-formula-1/43-mm-quartz/WAZ101A.FC8305.html
CAZ101AG.FC8304,FORMULA 1,https://www.tagheuer.com/fr/en/timepieces/collections/tag-heuer-formula-1/43-mm-quartz/CAZ101AG.FC8304.html
CAZ101AG.BA0842,FORMULA 1,https://www.tagheuer.com/fr/en/timepieces/collections/tag-heuer-formula-1/43-mm-quartz/CAZ101AG.BA0842.html
WBP208C.FT6201,AQUARACER,https://www.tagheuer.com/fr/en/timepieces/collections/tag-heuer-aquaracer/43-mm-caibre-5-automatic/WBP208C.FT6201.html
WBP208B.BF0631,AQUARACER,https://www.tagheuer.com/fr/en/timepieces/collections/tag-heuer-aquaracer/43-mm-caibre-5-automatic/WBP208B.BF0631.html
WBP201A.BA0632,AQUARACER,https://www.tagheuer.com/fr/en/timepieces/collections/tag-heuer-aquaracer/43-mm-caibre-5-automatic/WBP201A.BA0632.html
WBP201B.BA0632,AQUARACER,https://www.tagheuer.com/fr/en/timepieces/collections/tag-heuer-aquaracer/43-mm-caibre-5-automatic/WBP201B.BA0632.html
WBP201C.BA0632,AQUARACER,https://www.tagheuer.com/fr/en/timepieces/collections/tag-heuer-aquaracer/43-mm-caibre-5-automatic/WBP201C.BA0632.html
WBP231D.BA0626,AQUARACER,https://www.tagheuer.com/fr/en/timepieces/collections/tag-heuer-aquaracer/36-mm-caibre-5-automatic/WBP231D.BA0626.html
WBP231B.BA0618,AQUARACER,https://www.tagheuer.com/fr/en/timepieces/collections/tag-heuer-aquaracer/36-mm-caibre-5-automatic/WBP231B.BA0618.html
CAR5A8C.BF0707,CARRERA,https://www.tagheuer.com/gb/en/timepieces/collections/tag-heuer-carrera/45-mm-calibre-heuer-02t-cosc/CAR5A8C.BF0707.html
CAZ101AC.BA0843,FORMULA 1,https://www.tagheuer.com/gb/en/timepieces/collections/tag-heuer-formula-1/43-mm-quartz/CAZ101AC.BA0843.html
CBL2111.BA0644,MONACO,https://www.tagheuer.com/gb/en/timepieces/collections/tag-heuer-monaco/39-mm-calibre-heuer02-automatic-br-/CBL2111.BA0644.html
CBK221D.FC6479,CARRERA,https://www.tagheuer.com/jp/en/timepieces/collections/tag-heuer-carrera/39-mm-calibre-heuer-02-automatic/CBK221D.FC6479.html
CBK221F.FC6479,CARRERA,https://www.tagheuer.com/ch/en/timepieces/collections/tag-heuer-carrera/39-mm-calibre-heuer-02/CBK221F.FC6479.html
WAR201P.FC6485,CARRERA,https://www.tagheuer.com/ch/en/timepieces/collections/tag-heuer-carrera/41-mm-calibre-5-automatic/WAR201P.FC6485.html
WAR201M.BA0723,CARRERA,https://www.tagheuer.com/ch/en/timepieces/collections/tag-heuer-carrera/41-mm-calibre-5-automatic/WAR201M.BA0723.html
WAR241M.BA0776,CARRERA,https://www.tagheuer.com/ch/en/timepieces/collections/tag-heuer-carrera/28-mm-calibre-9-automatic/WAR241M.BA0776.html
WAR1353.BD0779,CARRERA,https://www.tagheuer.com/ch/en/timepieces/collections/tag-heuer-carrera/32-mm-quartz/WAR1353.BD0779.html
CBG2011.FC6430,CARRERA,https://www.tagheuer.com/ch/en/timepieces/collections/tag-heuer-carrera/43-mm-calibre-heuer02-automatic/CBG2011.FC6430.html
CAR5A90.BH0742,CARRERA,https://www.tagheuer.com/ch/en/timepieces/collections/tag-heuer-carrera/45-mm-calibre-heuer02t-cosc/CAR5A90.BH0742.html
CAZ101M.FT8024,FORMULA 1,https://www.tagheuer.com/ch/en/timepieces/collections/tag-heuer-formula-1/43-mm-quartz/CAZ101M.FT8024.html
WBJ1314.FC8230,FORMULA 1,https://www.tagheuer.com/ch/en/timepieces/collections/tag-heuer-formula-1/35-mm-quartz/WBJ1314.FC8230.html
CAZ101P.FC8245,FORMULA 1,https://www.tagheuer.com/ch/en/timepieces/collections/tag-heuer-formula-1/43-mm-quartz/CAZ101P.FC8245.html
WBP231C.BA0626,AQUARACER,https://www.tagheuer.com/ch/en/timepieces/collections/tag-heuer-aquaracer/36-mm-calibre-5-automatic/WBP231C.BA0626.html
WBD2320.BA0740,AQUARACER,https://www.tagheuer.com/ch/en/timepieces/collections/tag-heuer-aquaracer/32-mm-calibre-9-automatic/WBD2320.BA0740.html
WBD131D.BA0748,AQUARACER,https://www.tagheuer.com/ch/en/timepieces/collections/tag-heuer-aquaracer/35-mm-quartz/WBD131D.BA0748.html
WBD2113.BA0928,AQUARACER,https://www.tagheuer.com/ch/en/timepieces/collections/tag-heuer-aquaracer/41-mm-calibre-5-automatic/WBD2113.BA0928.html
WAY131P.BA0748,AQUARACER,https://www.tagheuer.com/ch/en/timepieces/collections/tag-heuer-aquaracer/35-mm-quartz/WAY131P.BA0748.html
WAY101C.BA0746,AQUARACER,https://www.tagheuer.com/ch/en/timepieces/collections/tag-heuer-aquaracer/43-mm-quartz/WAY101C.BA0746.html
WBD1411.BA0741,AQUARACER,https://www.tagheuer.com/ch/en/timepieces/collections/tag-heuer-aquaracer/27-mm-quartz/WBD1411.BA0741.html
WBD1311.BA0740,AQUARACER,https://www.tagheuer.com/ch/en/timepieces/collections/tag-heuer-aquaracer/32-mm-quartz/WBD1311.BA0740.html
CAW218B.FC6496,MONACO,https://www.tagheuer.com/ch/en/timepieces/collections/tag-heuer-monaco/39-mm-calibre-11-automatic/CAW218B.FC6496.html
WAW131B.FC6247,MONACO,https://www.tagheuer.com/ch/en/timepieces/collections/tag-heuer-monaco/37-mm-quartz/WAW131B.FC6247.html
CV201AS.FC6429,CARRERA,https://www.tagheuer.com/cn/en/timepieces/collections/tag-heuer-carrera/41-mm-calibre-16-automatic/CV201AS.FC6429.html
CBK2117.FC6266,CARRERA,https://www.tagheuer.com/hk/en/timepieces/collections/tag-heuer-carrera/41-mm-calibre-16-automatic/CBK2117.FC6266.html
CAR5A80.FT6072,CARRERA,https://www.tagheuer.com/us/en/timepieces/collections/tag-heuer-carrera/45-mm-calibre-heuer02t-cosc/CAR5A80.FT6072.html
CAR5A91.FT6162,CARRERA,https://www.tagheuer.com/us/en/timepieces/collections/tag-heuer-carrera/45-mm-calibre-heuer02t-cosc/CAR5A91.FT6162.html
WBJ1312.FC8231,FORMULA 1,https://www.tagheuer.com/us/en/timepieces/collections/tag-heuer-formula-1/35-mm-quartz/WBJ1312.FC8231.html
WBJ1317.FC8230,FORMULA 1,https://www.tagheuer.com/us/en/timepieces/collections/tag-heuer-formula-1/35-mm-quartz/WBJ1317.FC8230.html
WBJ1421.BB0648,FORMULA 1,https://www.tagheuer.com/us/en/timepieces/collections/tag-heuer-formula-1/32-mm-quartz/WBJ1421.BB0648.html
WBD1111.BA0928,AQUARACER,https://www.tagheuer.com/us/en/timepieces/collections/tag-heuer-aquaracer/41-mm-quartz/WBD1111.BA0928.html
WBD2111.BA0928,AQUARACER,https://www.tagheuer.com/us/en/timepieces/collections/tag-heuer-aquaracer/41-mm-calibre-5-automatic/WBD2111.BA0928.html
CAZ101AK.BA0842,FORMULA 1,https://www.tagheuer.com/cn/en/timepieces/collections/tag-heuer-formula-1/43-mm-quartz/CAZ101AK.BA0842.html
WBC1391.BH0745,LINK,https://www.tagheuer.com/cn/en/timepieces/collections/tag-heuer-link/32-mm-quartz/WBC1391.BH0745.html
CBN2A1B.FC6481,CARRERA,https://www.tagheuer.com/gb/en/timepieces/collections/tag-heuer-carrera/44-mm-calibre-heuer-02/CBN2A1B.FC6481.html
CAZ101N.BA0842,43 MM QUARTZ,https://www.tagheuer.com/gb/en/timepieces/let-us-guide-you/our-collections/43-mm-quartz/CAZ101N.BA0842.html
WBP201D.FT6197,AQUARACER,https://www.tagheuer.com/ch/en/timepieces/collections/tag-heuer-aquaracer/43-mm-calibre-5-automatic/WBP201D.FT6197.html
WBP201A.FT6197,AQUARACER,https://www.tagheuer.com/ch/en/timepieces/collections/tag-heuer-aquaracer/43-mm-calibre-5-automatic/WBP201A.FT6197.html
WBP201B.FT6198,AQUARACER,https://www.tagheuer.com/ch/en/timepieces/collections/tag-heuer-aquaracer/43-mm-calibre-5-automatic/WBP201B.FT6198.html
CBN2A1G.FC6501,CARRERA,https://www.tagheuer.com/jp/en/timepieces/collections/tag-heuer-carrera/44-mm-calibre-heuer-02/CBN2A1G.FC6501.html
WBN201A.BA0640,CARRERA,https://www.tagheuer.com/ch/en/timepieces/collections/tag-heuer-carrera/41-mm-calibre-7-automatic/WBN201A.BA0640.html
WBN2110.BA0639,CARRERA,https://www.tagheuer.com/ch/en/timepieces/collections/tag-heuer-carrera/39-mm-calibre-5-automatic/WBN2110.BA0639.html
WBN2113.BA0639,CARRERA,https://www.tagheuer.com/ch/en/timepieces/collections/tag-heuer-carrera/39-mm-calibre-5-automatic/WBN2113.BA0639.html
WBN2112.BA0639,CARRERA,https://www.tagheuer.com/ch/en/timepieces/collections/tag-heuer-carrera/39-mm-calibre-5-automatic/WBN2112.BA0639.html
WBN2111.BA0639,CARRERA,https://www.tagheuer.com/ch/en/timepieces/collections/tag-heuer-carrera/39-mm-calibre-5-automatic/WBN2111.BA0639.html
WBN2010.BA0640,CARRERA,https://www.tagheuer.com/ch/en/timepieces/collections/tag-heuer-carrera/41-mm-calibre-5-automatic/WBN2010.BA0640.html
WBN2013.BA0640,CARRERA,https://www.tagheuer.com/ch/en/timepieces/collections/tag-heuer-carrera/41-mm-calibre-5-automatic/WBN2013.BA0640.html
WBN2012.BA0640,CARRERA,https://www.tagheuer.com/ch/en/timepieces/collections/tag-heuer-carrera/41-mm-calibre-5-automatic/WBN2012.BA0640.html
WBN2011.FC6484,CARRERA,https://www.tagheuer.com/ch/en/timepieces/collections/tag-heuer-carrera/41-mm-calibre-5-automatic/WBN2011.FC6484.html
WBN2410.BA0621,CARRERA,https://www.tagheuer.com/ch/en/timepieces/collections/tag-heuer-carrera/29-mm-calibre-9-automatic/WBN2410.BA0621.html
WBN2411.BA0621,CARRERA,https://www.tagheuer.com/ch/en/timepieces/collections/tag-heuer-carrera/29-mm-calibre-9-automatic/WBN2411.BA0621.html
WBN2412.BA0621,CARRERA,https://www.tagheuer.com/ch/en/timepieces/collections/tag-heuer-carrera/29-mm-calibre-9-automatic/WBN2412.BA0621.html
WBN2413.BA0621,CARRERA,https://www.tagheuer.com/ch/en/timepieces/collections/tag-heuer-carrera/29-mm-calibre-9-automatic/WBN2413.BA0621.html
CAZ101AJ.FC6487,FORMULA 1,https://www.tagheuer.com/cn/en/timepieces/collections/tag-heuer-formula-1/43-mm-quartz/CAZ101AJ.FC6487.html
BC0929,FORMULA 1,https://www.tagheuer.com/cn/en/timepieces/collections/tag-heuer-formula-1/no-size/BC0929.html
BC0927,FORMULA 1,https://www.tagheuer.com/cn/en/timepieces/collections/tag-heuer-formula-1/no-size/BC0927.html
BC0930,FORMULA 1,https://www.tagheuer.com/cn/en/timepieces/collections/tag-heuer-formula-1/no-size/BC0930.html
BC0921,FORMULA 1,https://www.tagheuer.com/cn/en/timepieces/collections/tag-heuer-formula-1/no-size/BC0921.html
BA0666,FORMULA 1,https://www.tagheuer.com/cn/en/timepieces/collections/tag-heuer-formula-1/no-size/BA0666.html
BA0664,FORMULA 1,https://www.tagheuer.com/cn/en/timepieces/collections/tag-heuer-formula-1/no-size/BA0664.html
BC0923,FORMULA 1,https://www.tagheuer.com/cn/en/timepieces/collections/tag-heuer-formula-1/no-size/BC0923.html
BC0928,FORMULA 1,https://www.tagheuer.com/cn/en/timepieces/collections/tag-heuer-formula-1/no-size/BC0928.html
BC0922,FORMULA 1,https://www.tagheuer.com/cn/en/timepieces/collections/tag-heuer-formula-1/no-size/BC0922.html
CBE511C.FC8280,AUTAVIA,https://www.tagheuer.com/cn/en/timepieces/collections/tag-heuer-autavia/42-mm-calibre-heuer-02-cosc-flyback/CBE511C.FC8280.html
CBN2014.EB0240,CARRERA,https://www.tagheuer.com/hk/en/timepieces/collections/tag-heuer-carrera/42-mm-calibre-heuer-02/CBN2014.EB0240.html
WBN2012.FC6502,CARRERA,https://www.tagheuer.com/ch/en/timepieces/collections/tag-heuer-carrera/41-mm-calibre-5-automatic/WBN2012.FC6502.html
WBN2112.FC6504,CARRERA,https://www.tagheuer.com/ch/en/timepieces/collections/tag-heuer-carrera/39-mm-calibre-5-automatic/WBN2112.FC6504.html
WBN2013.FC6503,CARRERA,https://www.tagheuer.com/ch/en/timepieces/collections/tag-heuer-carrera/41-mm-calibre-5-automatic/WBN2013.FC6503.html
WBN2111.FC6505,CARRERA,https://www.tagheuer.com/ch/en/timepieces/collections/tag-heuer-carrera/39-mm-calibre-5-automatic/WBN2111.FC6505.html
WBN2050.FC6506,CARRERA,https://www.tagheuer.com/ch/en/timepieces/collections/tag-heuer-carrera/41-mm-calibre-5-automatic/WBN2050.FC6506.html
CAZ101AL.FT8052,FORMULA 1,https://www.tagheuer.com/ch/en/timepieces/collections/tag-heuer-formula-1/43-mm-quartz/CAZ101AL.FT8052.html
CAZ101AL.BA0842,FORMULA 1,https://www.tagheuer.com/ch/en/timepieces/collections/tag-heuer-formula-1/43-mm-quartz/CAZ101AL.BA0842.html
WBP2110.BA0627,AQUARACER,https://www.tagheuer.com/ch/en/timepieces/collections/tag-heuer-aquaracer/40-mm-calibre-5-automatic/WBP2110.BA0627.html
WBP2111.BA0627,AQUARACER,https://www.tagheuer.com/ch/en/timepieces/collections/tag-heuer-aquaracer/40-mm-calibre-5-automatic/WBP2111.BA0627.html
WBP1110.BA0627,AQUARACER,https://www.tagheuer.com/ch/en/timepieces/collections/tag-heuer-aquaracer/40-mm-quartz/WBP1110.BA0627.html
WBP1111.BA0627,AQUARACER,https://www.tagheuer.com/ch/en/timepieces/collections/tag-heuer-aquaracer/40-mm-quartz/WBP1111.BA0627.html
WBP2410.BA0622,AQUARACER,https://www.tagheuer.com/ch/en/timepieces/collections/tag-heuer-aquaracer/30-mm-calibre-9-automatic/WBP2410.BA0622.html
WBP2411.BA0622,AQUARACER,https://www.tagheuer.com/ch/en/timepieces/collections/tag-heuer-aquaracer/30-mm-calibre-9-automatic/WBP2411.BA0622.html
WBP1417.BA0622,AQUARACER,https://www.tagheuer.com/ch/en/timepieces/collections/tag-heuer-aquaracer/30-mm-quartz/WBP1417.BA0622.html
WBP1416.BA0622,AQUARACER,https://www.tagheuer.com/ch/en/timepieces/collections/tag-heuer-aquaracer/30-mm-quartz/WBP1416.BA0622.html
WBP1410.BA0622,AQUARACER,https://www.tagheuer.com/ch/en/timepieces/collections/tag-heuer-aquaracer/30-mm-quartz/WBP1410.BA0622.html
WBP1411.BA0622,AQUARACER,https://www.tagheuer.com/ch/en/timepieces/collections/tag-heuer-aquaracer/30-mm-quartz/WBP1411.BA0622.html
WBP1415.BA0622,AQUARACER,https://www.tagheuer.com/ch/en/timepieces/collections/tag-heuer-aquaracer/30-mm-quartz/WBP1415.BA0622.html
WBD1110.FT8021,AQUARACER,https://www.tagheuer.com/ch/en/timepieces/collections/tag-heuer-aquaracer/41-mm-quartz/WBD1110.FT8021.html
CAY2110.BA0927,AQUARACER,https://www.tagheuer.com/ch/en/timepieces/collections/tag-heuer-aquaracer/43-mm-calibre-16-automatic/CAY2110.BA0927.html
WBD131B.BA0748,AQUARACER,https://www.tagheuer.com/ch/en/timepieces/collections/tag-heuer-aquaracer/35-mm-quartz/WBD131B.BA0748.html
WBD131C.BA0748,AQUARACER,https://www.tagheuer.com/ch/en/timepieces/collections/tag-heuer-aquaracer/35-mm-quartz/WBD131C.BA0748.html
WBE511A.BA0650,AUTAVIA,https://www.tagheuer.com/ch/en/timepieces/collections/tag-heuer-autavia/42-mm-calibre-7-cosc-gmt/WBE511A.BA0650.html
CBE511B.FC8279,AUTAVIA,https://www.tagheuer.com/ch/en/timepieces/collections/tag-heuer-autavia/42-mm-calibre-heuer-02-cosc-flyback/CBE511B.FC8279.html
WBP231E.EB0247,AQUARACER,https://www.tagheuer.com/jp/en/timepieces/collections/tag-heuer-aquaracer/36-mm-calibre-5-automatic/WBP231E.EB0247.html
CBN2A1H.FC6512,CARRERA,https://www.tagheuer.com/ae/en/timepieces/collections/tag-heuer-carrera/44-mm-calibre-heuer-02-automatic/CBN2A1H.FC6512.html
WBP5A8A.BF0619,AQUARACER,https://www.tagheuer.com/ae/en/timepieces/collections/tag-heuer-aquaracer/45-mm-th30-00/WBP5A8A.BF0619.html
WBP201F.BA0632,AQUARACER,https://www.tagheuer.com/ae/en/timepieces/collections/tag-heuer-aquaracer/43-mm-calibre-5-automatic/WBP201F.BA0632.html
CBL2115.FC6494,MONACO,https://www.tagheuer.com/ae/en/timepieces/collections/tag-heuer-monaco/39-mm-calibre-heuer-02/CBL2115.FC6494.html
CAZ201D.BA0633,FORMULA 1,https://www.tagheuer.com/ae/en/timepieces/collections/tag-heuer-formula-1/44-mm-calibre-16-automatic/CAZ201D.BA0633.html
WBP1450.BA0622,AQUARACER,https://www.tagheuer.com/ae/en/timepieces/collections/tag-heuer-aquaracer/30-mm-quartz/WBP1450.BA0622.html
CBL2180.FC6497,MONACO,https://www.tagheuer.com/ae/en/timepieces/collections/tag-heuer-monaco/39-mm-calibre-heuer-02/CBL2180.FC6497.html
CAZ101AR.BA0842,FORMULA 1,https://www.tagheuer.com/jp/en/timepieces/collections/tag-heuer-formula-1/43-mm-quartz/CAZ101AR.BA0842.html
WBP231G.FT6234,AQUARACER,https://www.tagheuer.com/ae/en/timepieces/collections/tag-heuer-aquaracer/36-mm-calibre-5-automatic/WBP231G.FT6234.html
WBP231G.FT6226,AQUARACER,https://www.tagheuer.com/ch/en/timepieces/collections/tag-heuer-aquaracer/36-mm-calibre-5-automatic/WBP231G.FT6226.html
CBN2A1AA.FT6228,CARRERA,https://www.tagheuer.com/ae/en/timepieces/collections/tag-heuer-carrera/44-mm-calibre-16-automatic/CBN2A1AA.FT6228.html
CBN2A1AA.BA0643,CARRERA,https://www.tagheuer.com/ae/en/timepieces/collections/tag-heuer-carrera/44-mm-calibre-16-automatic/CBN2A1AA.BA0643.html
CBN2A1A.FC6537,CARRERA,https://www.tagheuer.com/ae/en/timepieces/collections/tag-heuer-carrera/44-mm-calibre-heuer-02/CBN2A1A.FC6537.html
WBP231J.BA0618,AQUARACER,https://www.tagheuer.com/ae/en/timepieces/collections/tag-heuer-aquaracer/36-mm-calibre-5-automatic/WBP231J.BA0618.html
CBL2118.FC6518,MONACO,https://www.tagheuer.com/ae/en/timepieces/collections/tag-heuer-monaco/39-mm-calibre-heuer-02/CBL2118.FC6518.html
CAR5A8AD.FC6415,CARRERA,https://www.tagheuer.com/jp/en/timepieces/collections/tag-heuer-carrera/45-mm-calibre-heuer02t-cosc/CAR5A8AD.FC6415.html
CBK221G.FC6479,CARRERA,https://www.tagheuer.com/ae/en/timepieces/collections/tag-heuer-carrera/39-mm-calibre-heuer-02/CBK221G.FC6479.html
WBP2010.BA0632,AQUARACER,https://www.tagheuer.com/ae/en/timepieces/collections/tag-heuer-aquaracer/43-mm-calibre-7-automatic/WBP2010.BA0632.html
WBP2010.FT6198,AQUARACER,https://www.tagheuer.com/ae/en/timepieces/collections/tag-heuer-aquaracer/43-mm-calibre-7-automatic/WBP2010.FT6198.html
CAZ101AM.FT8054,FORMULA 1,https://www.tagheuer.com/ae/en/timepieces/collections/tag-heuer-formula-1/43-mm-quartz/CAZ101AM.FT8054.html
CAZ101AP.FT8056,FORMULA 1,https://www.tagheuer.com/ae/en/timepieces/collections/tag-heuer-formula-1/43-mm-quartz/CAZ101AP.FT8056.html
CAZ101AN.FT8055,FORMULA 1,https://www.tagheuer.com/ae/en/timepieces/collections/tag-heuer-formula-1/43-mm-quartz/CAZ101AN.FT8055.html
CBN2019.BA0642,CARRERA,https://www.tagheuer.com/jp/en/timepieces/collections/tag-heuer-carrera/42-mm-calibre-heuer02/CBN2019.BA0642.html
WBN2414.BA0621,CARRERA,https://www.tagheuer.com/ae/en/timepieces/collections/tag-heuer-carrera/29-mm-calibre-9-automatic/WBN2414.BA0621.html
WBN2450.BD0569,CARRERA,https://www.tagheuer.com/ae/en/timepieces/collections/tag-heuer-carrera/29-mm-calibre-9-automatic/WBN2450.BD0569.html
CBN2045.FC8316,CARRERA,https://www.tagheuer.com/ae/en/timepieces/collections/tag-heuer-carrera/42-mm-calibre-heuer-02-automatic-cosc/CBN2045.FC8316.html
CBN2016.EB0275,CARRERA,https://www.tagheuer.com/ae/en/timepieces/collections/tag-heuer-carrera/42-mm-calibre-heuer-02-automatic/CBN2016.EB0275.html
CAZ201E.FC6517,FORMULA 1,https://www.tagheuer.com/ae/en/timepieces/collections/tag-heuer-formula-1/44-mm-calibre-16-automatic/CAZ201E.FC6517.html
CAZ5080.FC6517,FORMULA 1,https://www.tagheuer.com/ae/en/timepieces/collections/tag-heuer-formula-1/45-mm-calibre-heuer-02t-cosc/CAZ5080.FC6517.html
WBP1112.FT6199,AQUARACER,https://www.tagheuer.com/ch/en/timepieces/collections/tag-heuer-aquaracer/40-mm-th50-00/WBP1112.FT6199.html
SBR8A82.EB0264,CONNECTED,https://www.tagheuer.com/us/en/smartwatches/collections/tag-heuer-connected/45-mm/SBR8A82.EB0264.html
CBN2044.FC8313,CARRERA,https://www.tagheuer.com/ae/en/timepieces/collections/tag-heuer-carrera/42-mm-calibre-heuer-02-automatic/CBN2044.FC8313.html
CBN2A1L.FC6521,CARRERA,https://www.tagheuer.com/ae/en/timepieces/collections/tag-heuer-carrera/44-mm-calibre-heuer-02/CBN2A1L.FC6521.html
CAR5A8AF.FC6415,CARRERA,https://www.tagheuer.com/ae/en/timepieces/collections/tag-heuer-carrera/45-mm-calibre-heuer02t-cosc/CAR5A8AF.FC6415.html
WBN2451.BD0567,CARRERA,https://www.tagheuer.com/ae/en/timepieces/collections/tag-heuer-carrera/29-mm-calibre-9-automatic/WBN2451.BD0567.html